{"stats":{"minecraft:custom":{"minecraft:jump":16,"minecraft:time_since_rest":454,"minecraft:leave_game":1,"minecraft:walk_on_water_one_cm":111,"minecraft:sprint_one_cm":882,"minecraft:play_time":454,"minecraft:damage_taken":30,"minecraft:time_since_death":454,"minecraft:walk_one_cm":209,"minecraft:climb_one_cm":234,"minecraft:total_world_time":454,"minecraft:fall_one_cm":778,"minecraft:fly_one_cm":3311},"minecraft:picked_up":{"minecraft:dirt":1},"minecraft:mined":{"minecraft:grass":1,"minecraft:grass_block":1,"minecraft:oak_leaves":4},"minecraft:used":{"minecraft:dirt":1}},"DataVersion":3120}