{"stats":{"minecraft:picked_up":{"regions_unexplored:peat_dirt":6,"minecraft:dirt":2,"minecraft:mossy_cobblestone":1,"minecraft:apple":1,"regions_unexplored:maple_sapling":5,"regions_unexplored:maple_log":14,"regions_unexplored:larch_sapling":1,"projecte:transmutation_table":2,"minecraft:cobblestone":9},"minecraft:killed":{"naturalist:butterfly":1},"minecraft:crafted":{"minecraft:crafting_table":1,"minecraft:stick":12,"regions_unexplored:maple_planks":56,"minecraft:wooden_pickaxe":1},"minecraft:used":{"projecte:transmutation_table":2,"minecraft:apple":1,"regions_unexplored:peat_dirt":6,"regions_unexplored:maple_sapling":1,"minecraft:wooden_pickaxe":11,"minecraft:mossy_cobblestone":1,"minecraft:dirt":2,"minecraft:cobblestone":3,"starbunclemania:star_sword":6,"minecraft:crafting_table":1},"minecraft:mined":{"regions_unexplored:stone_bud":1,"regions_unexplored:maple_log":14,"regions_unexplored:mossy_stone":1,"regions_unexplored:maple_sapling":1,"regions_unexplored:larch_leaves":6,"minecraft:grass":1,"minecraft:grass_block":2,"regions_unexplored:peat_grass_block":3,"regions_unexplored:peat_dirt":3,"minecraft:cobblestone":3,"minecraft:stone":6,"projecte:transmutation_table":2},"minecraft:custom":{"minecraft:time_since_rest":7740,"minecraft:sprint_one_cm":15589,"minecraft:damage_taken":90,"minecraft:walk_one_cm":6470,"minecraft:mob_kills":1,"minecraft:damage_dealt":100,"minecraft:interact_with_crafting_table":1,"minecraft:fly_one_cm":84509,"minecraft:crouch_one_cm":242,"minecraft:play_time":7740,"minecraft:sneak_time":116,"minecraft:jump":174,"minecraft:leave_game":1,"minecraft:time_since_death":7740,"minecraft:walk_on_water_one_cm":241,"minecraft:total_world_time":7740,"minecraft:fall_one_cm":7966}},"DataVersion":3465}